GROUP,PACKAGE,CLASS,INSTRUCTION_MISSED,INSTRUCTION_COVERED,BRANCH_MISSED,BRANCH_COVERED,LINE_MISSED,LINE_COVERED,COMPLEXITY_MISSED,COMPLEXITY_COVERED,METHOD_MISSED,METHOD_COVERED
HomeFix Payment Service,com.homefix.payment.invoice,LoggingInvoiceTriggerAdapter,0,13,0,0,0,4,0,3,0,3
HomeFix Payment Service,com.homefix.payment.invoice,InvoiceTriggerException,5,4,0,0,2,2,1,1,1,1
HomeFix Payment Service,com.homefix.payment.config,PaymentProperties,15,63,0,0,7,22,4,11,4,11
HomeFix Payment Service,com.homefix.payment.config,PaymentAdaptersConfig,8,0,0,0,2,0,2,0,2,0
HomeFix Payment Service,com.homefix.payment.config,WebSecurityConfig,55,0,0,0,11,0,4,0,4,0
HomeFix Payment Service,com.homefix.payment.wallet,WalletCreditException,5,4,0,0,2,2,1,1,1,1
HomeFix Payment Service,com.homefix.payment.wallet,LoggingProviderWalletClientAdapter,0,51,0,0,0,6,0,4,0,4
HomeFix Payment Service,com.homefix.payment.idempotency,InMemoryIdempotencyStoreAdapter,8,17,1,1,1,3,2,2,1,2
HomeFix Payment Service,com.homefix.payment.idempotency,RedisIdempotencyStoreAdapter,0,41,0,2,0,9,0,5,0,4
HomeFix Payment Service,com.homefix.payment,PaymentServiceApplication,8,0,0,0,3,0,2,0,2,0
HomeFix Payment Service,com.homefix.payment.api,PaymentController,42,53,0,0,6,10,4,3,4,3
HomeFix Payment Service,com.homefix.payment.api,GlobalExceptionHandler,0,59,0,0,0,14,0,4,0,4
HomeFix Payment Service,com.homefix.payment.crypto,EncryptionException,9,0,0,0,4,0,2,0,2,0
HomeFix Payment Service,com.homefix.payment.crypto,LocalAesKmsAdapter,31,142,6,6,10,26,6,3,0,3
HomeFix Payment Service,com.homefix.payment.service,PaymentService,123,603,21,39,24,123,23,24,3,14
HomeFix Payment Service,com.homefix.payment.service,IdempotencyKeys,0,6,0,0,0,1,0,1,0,1
HomeFix Payment Service,com.homefix.payment.service,Retries,13,51,1,5,7,12,2,5,1,3
HomeFix Payment Service,com.homefix.payment.service,InitiatePaymentCommand,0,27,0,0,0,1,0,1,0,1
HomeFix Payment Service,com.homefix.payment.service,Retries.Result,0,12,0,0,0,1,0,1,0,1
HomeFix Payment Service,com.homefix.payment.service,GatewayCallback,0,18,0,0,0,1,0,1,0,1
HomeFix Payment Service,com.homefix.payment.service,PaymentException,20,45,2,0,5,11,3,7,2,7
HomeFix Payment Service,com.homefix.payment.domain,Settlement,20,79,1,1,5,27,4,12,3,12
HomeFix Payment Service,com.homefix.payment.domain,TransactionStatus,0,97,1,3,0,17,1,5,0,4
HomeFix Payment Service,com.homefix.payment.domain,SettlementStatus,7,73,2,2,1,13,3,2,1,2
HomeFix Payment Service,com.homefix.payment.domain,PaymentMethod,0,33,0,0,0,6,0,1,0,1
HomeFix Payment Service,com.homefix.payment.domain,PaymentTransaction,20,197,3,7,6,58,6,25,3,23
HomeFix Payment Service,com.homefix.payment.notification,LoggingProviderNotificationAdapter,0,25,0,0,0,4,0,3,0,3
HomeFix Payment Service,com.homefix.payment.gateway,PaymentGatewayRegistry,0,48,0,4,0,12,0,5,0,3
HomeFix Payment Service,com.homefix.payment.gateway,GatewayChargeRequest,0,15,0,0,0,1,0,1,0,1
HomeFix Payment Service,com.homefix.payment.gateway,AbstractHmacGatewayAdapter,5,48,0,0,1,10,1,5,1,5
HomeFix Payment Service,com.homefix.payment.gateway,RazorpayGatewayAdapter,0,6,0,0,0,3,0,2,0,2
HomeFix Payment Service,com.homefix.payment.gateway,StripeGatewayAdapter,0,6,0,0,0,3,0,2,0,2
HomeFix Payment Service,com.homefix.payment.gateway,GatewayTransferRequest,0,12,0,0,0,1,0,1,0,1
HomeFix Payment Service,com.homefix.payment.gateway,GatewayTransferResult,0,9,0,0,0,1,0,1,0,1
HomeFix Payment Service,com.homefix.payment.gateway,GatewayRefundRequest,0,9,0,0,0,1,0,1,0,1
HomeFix Payment Service,com.homefix.payment.gateway,GatewayChargeResult,0,9,0,0,0,1,0,1,0,1
HomeFix Payment Service,com.homefix.payment.gateway,GatewayRefundResult,0,9,0,0,0,1,0,1,0,1
HomeFix Payment Service,com.homefix.payment.gateway,HmacSignatures,7,87,1,7,2,15,1,6,0,3
HomeFix Payment Service,com.homefix.payment.event,PaymentCompletedEvent,0,30,0,0,0,1,0,1,0,1
HomeFix Payment Service,com.homefix.payment.event,PaymentCompletedPublisher,0,39,0,0,0,16,0,2,0,2
HomeFix Payment Service,com.homefix.payment.alert,LoggingFinanceAlertAdapter,0,73,0,0,0,8,0,5,0,5
HomeFix Payment Service,com.homefix.payment.api.dto,TransactionResponse,0,77,0,0,0,16,0,2,0,2
HomeFix Payment Service,com.homefix.payment.api.dto,InitiatePaymentRequest,0,27,0,0,0,1,0,1,0,1
HomeFix Payment Service,com.homefix.payment.api.dto,RefundRequest,6,0,0,0,1,0,1,0,1,0
HomeFix Payment Service,com.homefix.payment.api.dto,SettlementRequest,0,15,0,0,0,1,0,1,0,1
HomeFix Payment Service,com.homefix.payment.api.dto,SettlementResponse,0,37,0,0,0,4,0,2,0,2
HomeFix Payment Service,com.homefix.payment.api.dto,GatewayCallbackRequest,18,0,0,0,1,0,1,0,1,0
